memo_id,title,date,incoming_refs,outgoing_refs,word_count,importance_score
it_s_all_good,It’s All Good,2007-07-16,13,3,5240,94.44
on_the_couch,On the Couch,2016-01-14,10,4,5895,87.025
the_race_to_the_bottom,The Race to the Bottom,2007-02-14,12,1,3513,74.579
risk_revisited,Risk Revisited,2014-09-03,5,3,5990,70.85
there_they_go_again_again,There They Go Again . . . Again,2017-07-26,4,10,5715,69.405
the_most_important_thing,The Most Important Thing,2003-07-01,10,0,4430,68.31
something_of_value,Something of Value,2021-01-11,7,0,5638,66.654
there_they_go_again,There They Go Again,2005-05-06,10,1,3272,64.096
the_long_view,The Long View,2009-01-09,4,4,5684,62.232
easy_money,Easy Money,2024-01-09,1,5,5381,61.223
thinking_about_macro,Thinking About Macro,2021-07-29,2,2,5447,59.801
what_worries_me,What Worries Me,2008-08-28,7,0,5365,57.915
it_s_not_easy,It’s Not Easy,2015-09-09,4,4,5560,56.66
bubble_com,bubble.com,2000-01-02,7,0,4816,56.028
dare_to_be_great,Dare to Be Great,2006-09-07,8,0,4272,55.196
risk_revisited_again,Risk Revisited Again,2015-06-08,2,4,5788,53.504
the_illusion_of_knowledge,The Illusion of Knowledge,2022-09-08,2,6,5720,52.14
on_uncertain_ground,On Uncertain Ground,2012-09-11,3,3,5147,52.001
political_reality,Political Reality,2016-08-17,5,1,5599,51.957
coming_into_focus,Coming into Focus,2020-10-13,0,1,5654,51.402
the_happy_medium,The Happy Medium,2004-07-21,4,1,3937,50.891
the_aviary,The Aviary,2008-05-16,3,4,5180,50.8
the_tide_goes_out,The Tide Goes Out,2008-03-18,4,2,4591,49.713
economic_reality,Economic Reality,2016-05-26,3,4,5658,49.594
risk_and_return_today,Risk and Return Today,2004-10-27,6,0,2753,48.479
the_limits_to_negativism,The Limits to Negativism,2008-10-15,6,2,3051,48.213
conversation_at_panmure_house,Conversation at Panmure House,2022-06-23,0,10,5893,48.099
now_what,Now What?,2008-01-10,3,0,4602,48.026
gimme_credit,Gimme Credit,2025-03-06,2,1,3005,48.015
now_it_s_all_bad,Now It’s All Bad?,2007-09-10,2,4,4971,48.013
what_does_the_market_know,What Does the Market Know?,2016-01-19,3,6,3490,47.85
nobody_knows,Nobody Knows,2008-09-19,6,2,2607,46.721
sea_change,Sea Change,2022-12-13,2,1,3641,46.483
is_it_a_bubble,Is It a Bubble?,2025-12-09,1,2,5838,46.014
taking_the_temperature,Taking the Temperature,2023-07-10,0,9,5407,44.821
the_calculus_of_value,The Calculus of Value,2025-08-13,0,4,5050,44.09
all_that_glitters,All That Glitters,2010-12-17,3,3,4140,44.02
shall_we_repeal_the_laws_of_economics,Shall We Repeal the Laws of Economics?,2024-09-19,1,3,6068,43.564
nobody_knows_ii,Nobody Knows II,2020-03-03,4,1,3205,42.055
warning_flags,Warning Flags,2010-05-12,2,2,3371,41.413
so_much_that_s_false_and_nutty,So Much That’s False and Nutty,2009-07-08,0,3,5546,41.278
this_time_it_s_different,This Time It’s Different,2026-03-24,0,0,5014,41.022
ditto,Ditto,2013-01-07,0,3,4553,40.859
tell_me_i_m_wrong,Tell Me I’m Wrong,2010-01-22,1,2,4145,40.135
what_really_matters,What Really Matters?,2022-11-22,0,3,5964,40.132
dare_to_be_great_ii,Dare to Be Great II,2014-04-08,5,1,2700,40.06
i_beg_to_differ,I Beg to Differ,2022-07-26,2,5,4890,39.75
political_reality_meets_economic_reality,Political Reality Meets Economic Reality,2019-01-30,2,1,5552,39.416
hemlines,Hemlines,2010-09-10,0,1,4488,39.344
how_quickly_they_forget,How Quickly They Forget,2011-05-25,2,3,3197,39.191
it_s_all_good_really,It’s All Good . . . Really?,2007-07-30,3,2,3146,39.058
bull_market_rhymes,Bull Market Rhymes,2022-05-26,1,3,4725,38.895
time_for_thinking,Time for Thinking,2020-08-05,1,0,4646,38.718
returns_and_how_they_get_that_way,Returns and How They Get That Way,2002-11-11,2,2,4006,38.598
further_thoughts_on_sea_change,Further Thoughts on Sea Change,2023-10-11,1,1,3526,38.538
latest_thinking,Latest Thinking,2018-01-23,0,3,4398,38.394
it_s_greek_to_me,It’s Greek to Me,2010-07-19,1,3,4780,38.18
2020_in_review,2020 in Review,2021-03-04,0,1,5636,37.908
ai_hurtles_ahead,AI Hurtles Ahead,2026-02-26,0,2,5317,37.731
the_winds_of_change,The Winds of Change,2021-11-23,0,2,6313,37.679
first_quarter_performance,First Quarter Performance,1991-04-11,7,0,519,37.537
you_can_t_predict_you_can_prepare,You Can't Predict. You Can Prepare.,2001-11-20,1,1,4191,37.413
everyone_knows,Everyone Knows,2007-04-26,2,1,3462,37.066
expert_opinion,Expert Opinion,2017-01-10,1,3,4720,36.96
yet_again,Yet Again?,2017-09-07,1,3,4790,36.77
the_seven_worst_words_in_the_world,The Seven Worst Words in the World,2018-09-26,0,1,4259,36.737
the_role_of_confidence,The Role of Confidence,2013-08-05,1,5,3322,36.406
a_case_in_point,A Case in Point,2005-06-06,4,1,2531,36.193
touchstones,Touchstones,2009-11-10,0,4,4506,36.138
it_s_all_very_taxing,It’s All Very Taxing,2011-11-16,1,1,5324,35.612
the_outlook_for_equities,The Outlook for Equities,2013-03-13,0,1,4093,35.359
fewer_losers_or_more_winners,"Fewer Losers, or More Winners?",2023-09-12,1,3,4169,35.067
the_new_paradigm,The New Paradigm,2006-10-19,1,1,4535,35.005
d_j_vu_all_over_again,Déjà Vu All Over Again,2012-03-19,2,1,4119,34.717
lessons_from_silicon_valley_bank,Lessons from Silicon Valley Bank,2023-04-17,0,1,4909,34.527
investing_without_people,Investing Without People,2018-06-18,0,2,6065,34.455
us_and_them,Us and Them,2004-05-07,3,1,2979,34.177
the_race_is_on,The Race Is On,2013-11-26,1,2,3118,34.174
implications_of_the_election,Implications of the Election,2016-11-07,2,2,3537,33.991
on_bubble_watch,On Bubble Watch,2025-01-02,2,1,4142,33.746
no_different_this_time_the_lessons_of_07,No Different This Time – The Lessons of ‘07,2007-12-17,0,2,4343,33.529
volatility_leverage_dynamite,Volatility + Leverage = Dynamite,2008-12-17,1,2,3761,32.823
safety_first_but_where,Safety First . . . But Where?,2001-04-10,2,0,3852,32.736
irrational_exuberance,Irrational Exuberance,2000-05-01,3,0,3267,32.581
doesn_t_make_sense,Doesn’t Make Sense,2008-07-31,1,2,4075,32.005
which_way_now,Which Way Now?,2020-03-31,2,0,3266,31.778
nobody_knows_yet_again,Nobody Knows (Yet Again),2025-04-09,1,4,3610,31.45
plan_b,Plan B,2008-09-24,1,3,3333,30.959
risk,Risk,2006-01-19,0,0,4097,30.671
what_can_we_do_for_you,What Can We Do For You?,2012-01-10,1,2,3371,30.613
the_realist_s_creed,The Realist's Creed,2002-05-31,1,0,4470,30.43
learning_from_enron,Learning From Enron,2002-03-14,1,0,5499,30.397
whad_ya_know,Whad’Ya Know?,2003-03-11,0,0,5071,30.233
on_the_other_hand,On the Other Hand,2019-07-26,0,0,3118,30.214
the_pendulum_in_international_affairs,The Pendulum in International Affairs,2022-03-23,1,5,2942,30.146
what_s_behind_the_downturn,What’s Behind the Downturn?,2011-09-07,0,3,3561,30.043
more_on_repealing_the_laws_of_economics,More on Repealing the Laws of Economics,2025-06-18,0,3,4136,29.848
pigweed,Pigweed,2006-12-07,0,0,5420,29.84
mysterious,Mysterious,2019-10-17,0,0,2759,29.617
on_regulation,On Regulation,2011-03-02,2,1,2469,29.287
you_can_t_eat_irr,You Can’t Eat IRR,2006-07-12,1,0,3697,29.071
liquidity,Liquidity,2015-03-25,0,1,4872,29.056
investment_miscellany,Investment Miscellany,2000-11-16,2,1,2719,28.917
will_it_work,Will It Work?,2009-03-05,1,0,4108,28.704
cockroaches_in_the_coal_mine,Cockroaches in the Coal Mine,2025-11-06,0,5,2831,28.693
whodunit,Whodunit,2008-02-20,0,0,4389,28.427
knowledge_of_the_future,Knowledge of the Future,2020-04-14,0,1,3670,28.17
what_s_it_all_about_alpha,"What's It All About, Alpha?",2001-07-11,1,1,3241,28.163
mr_market_miscalculates,Mr. Market Miscalculates,2024-08-22,0,4,3070,27.91
down_to_the_wire,Down to the Wire,2011-07-21,1,0,3232,27.516
ruminating_on_asset_allocation,Ruminating on Asset Allocation,2024-10-22,1,0,2534,27.422
returns_absolute_returns_and_risk,"Returns, Absolute Returns and Risk",2006-06-13,0,0,3717,27.131
selling_out,Selling Out,2022-01-13,1,1,3969,26.907
it_s_all_a_big_mistake,It’s All a Big Mistake,2012-06-20,0,0,3379,26.677
getting_lucky,Getting Lucky,2014-01-16,0,0,5337,26.631
you_bet,You Bet!,2026-03-24,0,0,5617,26.271
open_and_shut,Open and Shut,2010-12-01,0,3,2199,26.197
what_lies_ahead,What Lies Ahead?,2001-10-04,1,1,2990,26.13
the_lessons_of_oil,The Lessons of Oil,2014-12-18,0,3,3039,25.997
go_figure,Go Figure!,2026-03-24,0,2,2837,25.731
the_anatomy_of_a_rally,The Anatomy of a Rally,2020-06-18,0,1,3229,25.567
it_is_what_it_is,It Is What It Is,2006-03-27,1,1,3006,25.058
what_s_going_on,What's Going On?,2003-05-16,0,1,2482,25.006
calibrating,Calibrating,2020-04-06,0,3,3165,24.695
inspiration_from_the_world_of_sports,Inspiration from the World of Sports,2015-10-22,0,3,4096,24.608
a_fresh_start_hopefully,A Fresh Start (Hopefully),2012-11-09,1,0,3057,24.591
what_s_your_game_plan,What’s Your Game Plan?,2003-09-05,2,0,2861,23.523
a_look_under_the_hood,A Look Under the Hood,2025-10-28,0,0,3465,23.255
genius_isn_t_enough_and_other_lessons_from_long_term_capital_management,Genius Isn't Enough (and Other Lessons from Long-Term Capital Management),1998-10-09,0,1,2889,23.107
risk_in_today_s_markets,Risk in Today's Markets,1994-02-17,2,0,1395,22.885
i_d_rather_be_wrong,I’d Rather Be Wrong,2010-03-17,1,2,2150,22.79
hedge_funds_a_case_for_caution,Hedge Funds: A Case for Caution,2004-10-06,0,0,3761,21.583
growing_the_pie,Growing the Pie,2019-04-01,0,3,2919,21.397
the_folly_of_certainty,The Folly of Certainty,2024-07-17,0,2,2304,21.332
the_impact_of_debt,The Impact of Debt,2024-05-08,0,3,2038,21.314
quo_vadis,Quo Vadis?,2002-07-26,0,1,2665,21.235
are_you_an_investor_or_a_speculator,Are You An Investor or a Speculator?,1997-09-03,0,0,2094,20.182
the_indispensability_of_risk,The Indispensability of Risk,2024-04-17,1,1,1565,20.175
uncertainty_ii,Uncertainty II,2020-05-28,1,0,2408,20.004
will_it_be_different_this_time,Will It Be Different This Time?,1996-11-25,1,0,1520,18.86
uncertainty,Uncertainty,2020-05-11,0,0,2867,18.581
notes_from_new_york,Notes from New York,2001-09-16,1,0,2450,18.53
risk_in_today_s_markets_revisited,'Risk in Today's Markets' Revisited,1994-04-11,0,1,1867,18.201
assessing_performance_records_a_case_study,Assessing Performance Records – A Case Study,2012-02-15,0,0,2603,17.389
lines_in_the_sand,Lines in the Sand,2017-04-18,0,0,3001,17.303
the_feeling_s_mutual,The Feeling's Mutual,2003-10-02,0,0,3194,17.082
latest_update,Latest Update,2020-03-19,0,0,2273,16.959
high_yield_bonds_today,High Yield Bonds Today,2013-02-21,0,0,1241,16.743
the_route_to_performance,The Route to Performance,1990-10-12,2,0,755,16.645
hey_steward,"Hey, Steward!!",2004-03-16,0,0,3055,16.265
oaktree_at_ten,Oaktree at Ten,2005-04-11,0,0,2445,15.555
the_value_of_predictions_ii_or_give_that_man_a_cigar,The Value of Predictions II (or 'Give That Man a Cigar'),1996-07-22,0,0,1366,13.918
etorre_s_wisdom,Etorre's Wisdom,2002-09-04,0,0,1903,12.809
how_the_game_should_be_played,How the Game Should Be Played,1995-05-26,1,0,872,12.756
how_does_an_inefficient_market_get_that_way,How Does An Inefficient Market Get That Way,1994-07-15,0,0,838,11.134
who_knew,Who Knew?,1998-01-08,0,0,1018,10.874
how_s_the_market,How's the Market?,1999-04-15,0,0,951,10.593
random_thoughts_on_the_identification_of_inv_opportunities,Random Thoughts On The Identification Of Inv Opportunities,1994-01-24,0,0,771,10.133
not_enough,Not Enough,2020-06-11,0,0,1150,9.91
microeconomics_101_supply_demand_and_convertibles,"Microeconomics 101: Supply, Demand and Convertibles",1992-10-08,0,0,896,9.868
we_re_not_in_1999_anymore_toto,"We're Not In 1999 Anymore, Toto",2000-12-31,0,0,106,5.898
